<?xml version="1.0" encoding="UTF-8" ?>
<!DOCTYPE configuration
  PUBLIC "-//mybatis.org//DTD Config 3.0//EN"
  "http://mybatis.org/dtd/mybatis-3-config.dtd">
<configuration>
	
	<!-- Properties 파일 설정 -->
	<properties resource="db.properties"/>
	
	<!-- Alias 설정 -->
	<typeAliases>
		<typeAlias alias="mark" type="com.evseoul.biz.mark.MarkVO" />
	</typeAliases>
	
	<environments default="development">
		<environment id="development">
			<transactionManager type="JDBC" />
			<dataSource type="POOLED">
				<property name="driver" value="oracle.jdbc.driver.OracleDriver"/>
				<property name="url" value="jdbc:oracle:thin:@127.0.0.1:1521:XE" />
				<property name="username" value="evSeoul"/>
				<property name="password" value="1234"/>
			</dataSource>
		</environment>
	</environments>
	
	<mappers>
		<mapper resource="mapper/evMapper.xml" />
		<mapper resource="mapper/customerMapper.xml" />
		<mapper resource="mapper/infoMapper.xml" />
		<mapper resource="mapper/mark-mapping.xml"/>
	</mappers>
	
	
	
</configuration>
